full_text;sentiment
beautiful kang yoomi parkminyoung marrymyhusband unstoppablehighkick ctto;positive
kang jiwon s cute paparazzi marrymyhusband;positive
sumin marry my husband ngga bener cancel fitnah kasian namanya jahat nyebar rumor palsu;neutral
comel dahla matching color baju eee marrymyhusband;neutral
prefer suminah marry my husband aktingnya ngena;neutral
efek fanmeeting drama selesai nongkrong top 3 poinnya bertambah terserah bilang pesona marry my husband nyata menikmatinya parkminyoung;positive
my 2ji heart membuncah melimpah ruah parkminyoung mybrandnewdayinjapan mybrandnewdayinosaka mybrandnewday nainwoo marrymyhusband;neutral
and from now til my very last breath this day i ll cherish you look so beautiful in white acaranya 2ji maret kelar hajatan tgl 20 april sehat2 berdua parkminyoung nainwoo marrymyhusband;positive
terimakasih memakai jasa order wa price list harga zonauang zonauang eyeloveyou fcklive marrymyhusband becak хтивийпонеділок jasahack vcs ajautr;neutral
marry my husband seru keasikan nonton drakor ngaji;neutral
nonton drakor marry my husband seru;neutral
cw korea kdrama kelanjutan bully villain marry my husband bener pembully dituduh;neutral
marry my husband top 1 puas hati revenge;positive
main marry my husband kaget aing ngikutin;positive
kepincut abs nnton marry my husband senyumnya adem bener mngajak berumah tangga;positive
marry my husband;neutral
marry my husband judulnya wakakak maaf nonton dramanya;neutral
aaaaa telat gpp sumpah marry my husband seruuuu bgttt wajib nnton;neutral
aduh su mi pamornya karna main marry my husband;positive
kebayang victimnya ngeliat sukses marry my husband pantes cocok jd psikopat anjir 90 menit;neutral
sdh lbh sebulan tamat marry my husband ranking 5 weekday drama trend index ranking;neutral
marry my husband ni feel 1 suka park min young 2 tengok na in woo kat 2d1n;neutral
semoga casts marrymyhusband eligible nominasi borong piala taun;neutral
bentar tuh drama marry my husband;neutral
marry my husband gikwang;neutral
drama hits menguras emosi suka balas dendamnya marrymyhusband cerita 2 sahabat ngga sedekat soo min selingkuh pacarnya kang ji won;neutral
kaget boa main marry my husband;positive
marry my husband drakor indosiar skali anjerrr;neutral
mah ji hyuk marry my husband;neutral
pemeran eunho drama marry my husband lee gikwang highlight kemampuan menari gaeul rdz;neutral
marry my husband seru anjoy;neutral
beneran marry my husband situasi bjrot anjir;neutral
seru serunya nonton marry my husband kepikiran bad mood aahhh jinjja nangis nangis malem cape;negative
marry my husband bercerita wanita sakit parah menyaksikan suami sahabatanya berselingkuh tragis meninggal dunia 10 memperbaiki hidupnya;neutral
drakor marry my husband anak2 semoga sehat happy;positive
thank you ruhainies sbb kutip sampah bella marrymyhusband;neutral
su min marry my husband pantes akting kek keren takut;neutral
lg nntn marry my husband ep 1 bnr2 gasabar revenge;neutral
marry my husband amp pyramid game tengok cerita progress je curious nak next episode queen tears kena selera kot tunggu nak cerai episod 6 bru wife laki nak cerai jenuh;negative
cerita marry my husband ni cerita if one not good for you in woo amp gi kwang tunggu okay hahaha;positive
gara2 marry my husband mukanya kaya muka boa dibilang oplas boa berumur jg perubahan wajahnya bingung ngehate;neutral
marry my husband mengajarkanku ngikutin drama on going makjang queen tears nontonnya mei;neutral
tmn khatam drakor perfect marriage revenge sebelas duabelas kaya marry my husband marry my husband blm nntn samsek kelarin trs nyambi queen tears;positive
pen kek drakor marry my husband gausah 10 taun kejauhan 3 4;neutral
nonton marry my husband kayak boa nonton drama mmh boa;neutral
bentar salfok kirain bingung marry my husband nyangka penasaran cek cast list kaget beneran;neutral
kayanya butuh kosong ngerti ceritanya marry my husband wkwkwkwk;neutral
huummm aing tanggungan marry my husband blom kelar;neutral
drakor seru zzzzzz ‍ selesai nonton pyramid game marry my husband trus gak ditonton;negative
marry my husband beressss 16 eps wkwkwkwk;neutral
marry my husband prime langganan disney plus karna disney;neutral
keknya gakan w lanjutin marry my husband feel ilang unnecessary villain episode;negative
nonton marry my husband pelakornya sgt goblok;neutral
pengen ngomongin drakor pengen dikeluarin ahaha so marry my husband jd drakor tonton autumn in my heart full house sky castle penthouse glory world married yes gak drakor tonton;positive
song ha yoon bintang marry my husband dituding pelaku bullying thread cek artikel gt;neutral
demen drakor eunwoo nonton marry my husband seru;neutral
nonton marry my husband sampe fokus allah jaemin split bill;neutral
kronologi bullying song ha yoon 3 korban tambahan buka suara songhayoon marrymyhusband;neutral
chemistry kureng pmy na in woo marry my husband guamah;neutral
⋆ ࣪ ୨୧ ⋅ marry my husband ֺ۪ genre romantic comedy fantasy revenge workplace time travel menurutku vibesnya kayak sinetron indosiar seru anjritttt konfliknya eps darah syukur drama happy ending kaga ngereog aing;positive
sokor keinget drakor marry my husband 7 taun pacaran tau ortu pacar tau taunya ketemuan makan siang;neutral
aduh ilang respect akting bagus marry my husband pengalaman;neutral
marry my husband versi malaysia hahaha bff sailang laki perangai taik;positive
artikel komentar song ha yoon marry my husband ditinjau ulang imbas skandal bullying gaeul rdz;neutral
beneran pantes actingnya dapet nyebelinnya mffff gedek abissss liat doi marry my husband;neutral
marry my husband cakap pyramid game best tengok la;positive
sayang berita beneran acting marry my husband naiknya;positive
nonton marry my husband maem pempek coffee latte nabrak gapapa cantik kena rame netijen korea semoga rumors;neutral
mini review del kdrama marrymyhusband;neutral
stuj tau yyyy klo boa tuh jahat y dramanya make up jahat nyebelin org ky anak boa org sosok marry my husband dibawaaa;neutral
marry my husband plis semoga suka akting terharu knowing brother;neutral
mohon maaf fokus om om main marry my husband ganteng;positive
songhayoon bully je nak lepas cite marry my husband hmmmm;neutral
kaitannya drama marry my husband;neutral
waaaaaaa marry my husband happy ending bgttttt meskipjn nonton ep 16 loncat2 itupun kyk skip bbrp stlh tamat sneng bahagaiaa sndeuwjvwuwkajs;positive
buset emosi nonton marry my husband untung w puasa jd bebas shiballll suminnnnnn;neutral
jarang tengok kdrama endingnya kahwin beranak pinak scene kahwin je drama ni marry my husband ni drama puas tengok endingnya berkecimpung dunia kdrama;neutral
wdym pelakon sumin dlm marry my husband kena buang sekolah sbb kaki buli;neutral
terimakasih memakai jasa order wa 088279621668 price list harga zonauang zonauang eyeloveyou fcklive marrymyhusband becak хтивийпонеділок jasahack vcs ajautr;neutral
nonton marry my husband seru;neutral
na in woo kelar marry my husband setelan pabrik cowok bongsor lucu sederhana allah nangis;neutral
pasal song hayoon actually i baca before start hit big after marry my husband claim pasal buli 2018 sbb famous company bodoh je;positive
lucu bilang ngikutin boa marry my husband bilang beda tau boa gak ngeh bedanya cari2 tweet bilang beda tau bibirnya;neutral
1 night has come seriusan drama mikir mafia games bl d seru + 30 menit 2 marry my husband drama perselingkuhan duar mantep balas dendamnya xixi;neutral
song ha yoon marry my husband kim hieora glory selebriti terkena bullying gaeul rdz;neutral
woi woop woop bentar jd keinget scene marry my husband blg jiwoon emaknya selingkuh park minhwan blg selingkuh diturunkan keturunan;neutral
marry my husband pyramid game ni je drama ongoing and sgt² anticipate episode tip top and fast pace;neutral
et knp marry my husband alurnya kesel knp kaya perfect marriage revenge ajsih;positive
breaking news suka ingnih suaranya ala ala bagus visualnya apelagi lucunya sekilas jung soomin marry my husband;neutral
main drakor marry my husband perannya pelakor;positive
list nomer 1 selesein marry my husband nonton pyramid gameee malam bobo teteh;neutral
nonton tuh drama kelar marry my husband;neutral
maaf reply ulang oot kak pengen nonton marry my husband prime;neutral
sumpah minhwan marry my husband beneran;neutral
patut tengok ni or marry my husband wonderful world;positive
laksanakan marry my husband ley reikarnasi;neutral
penggemar kdrama kak general public casual viewer like me kenal marry my husband;negative
marry my husband judulnya pelakor actingnya dapet nyangka muka angelic nyebelin;neutral
main marry my husband;positive
3 drama patut rewatch ceritanya alasan pembalasan dendam tau dicontoh kepala pening 1 penthouse 2 marry my husband 3 world married;positive
komentar drama marry my husband tuh bilang berubah² krna make up gaiss klian komen bilang muka berubah ngga liat kli bare face sama²;neutral
mv every heart drama marry my husband cantik please;neutral
terimakasih memakai jasa order wa 088279621668 price list harga zonauang zonauang eyeloveyou fcklive marrymyhusband becak хтивийпонеділок jasahack vcs ajautr;neutral
makan tuh knetz nyinyir mulu gapunya kelamin mending kelamin dipake drpd nyinyir gjlz make up doang lgsg dibilang boa g ky boa trs y dlm pikirannya aneh anjir gatau boa lahir tau marry my husband doang dsr gen z;neutral
marry my husband featuring hyeri ryu junyeol han sohee;neutral
kdrama darah ngacak2 emosi so far penthouse marry my husband;positive
pelakor marry my husband;neutral
sumin marry my husband hadehhh;neutral
sayang gak pantes marry my husband mendalami;neutral
bintang marry my husband song ha yoon dikecam tuduhan perundungan;neutral
yampun karir mbanya bersinar sampe nangis gegara rekognisi drama marry my husband;neutral
kes bella ni kdrama marry my husband;neutral
blm lanjutin marry my husband doctor slump cokk;neutral
marry my husband tersangatlah best nok;positive
blio main marry my husband;positive
hyeri ngucapin dialog jiwon marry my husband congratulations picking up on my trash;neutral
beneran marry my husband;neutral
namatin drakor marry my husband 8 10 suka konfliknya muter² akal but gpp sgt esmosaii kisseu kuraaaanggg suka drama kisseu cringe;neutral
nonton marry my husband mikir familiar taunya yura tuh boa mikirn boa nonton;positive
nyelesein marry my husband first responders cari drama bagus romance;positive
bentar marry my husband blm kelar;neutral
park minyoung marry my husband;neutral
foto sender boa marry my husband kyk haahhh gt beda;neutral
rekomendasi film perselingkuhan istri sah op contoh marry my husband;neutral
imo marry my husband muka beda acting wkwkw searching mastiin doi tuh boa;neutral
hayoon main marry my husband;positive
mbaknya nonton marry my husband kayaknya relate temen kayak sumin;neutral
foto song ha yoon populer drama marry my husband dituduh pelaku bullying sang aktris dikeluarkan sekolah potretnya;neutral
beda marry my husband gak kenali kang ji won;neutral
iyakah ngeh marry my husband;neutral
deuh namanya gr2 marry my husband;neutral
ffmw marry my husband;neutral
anjir song hayoon aka su min marry my husband wkwkwkw aduh plit twist beneran drama karakternya lg;neutral
foto song ha yoon populer drama marry my husband dituduh pelaku bullying sang aktris dikeluarkan sekolah potret penampilannya gt gt foto instagram songhayoon1202 songhayoon;neutral
kang ji won jung soo min irl marrymyhusband;neutral
foto sumin marry my husband;neutral
kek gak fakta cm berita bohong kek tuh seringkali artis yng naiknya kulihat cintai dn puji main drama marry my husband;positive
sdh trlnjr terjebak marry my husband lt 3;neutral
coba nonton gwenchana marry my husband cakep perannya;neutral
liat komen kmrn liat video nangis gara² drama dibintanginnya hype marry my husband ditunggu info lanjutan bener;neutral
terimakasih memakai jasa order wa 088279621668 price list harga zonauang zonauang eyeloveyou fcklive marrymyhusband becak хтивийпонеділок jasahack vcs ajautr;neutral
pengalihan isu pngn jatuhin krn akhir2 populer drama marry my husband nunggu sampa kasusnya clear jgn hujat2;positive
kemaren marry my husband nnton telegram karna blm langganan prime jd nnton qot nnton netflix td tidur trus jam 10 dibangunin omen yank ayo bangun drakor ayo bangun semangaaat;neutral
terseret skandal kekerasan foto sd song ha yoon marry my husband terbongkar komplotan geng gaeul rdz;neutral
cowo2 selingkuh tipenya kyk park minhwan pelakor2 tuh tipenya kyk jung sumin marry my husband;neutral
smpe pangling tuh boa main marry my husband jd kmrn liat stage comeback uda karna behel menyala boaa;positive
1 queen tears 2 welcome samdalri 3 marry my husband tgok nak gak dlm list sorry say slump my demon kurengg slump last ep tgok ep 12 pastu malas sambung;positive
konteks rame main marry my husband jujur nonton ngeh sampe tau boa krn cut scene tt gatau make up karakternya;positive
bintang marry my husband song ha yoon dituduh lakukan bullying sekolah menampar 90 menit songhayoon marrymyhusband;neutral
bintang drakor marry my husband song ha yoon dituduh pelaku insiden kekerasan bullying sekolah 20;neutral
song ha yoon marry my husband bantah lakukan kekerasan sekolah;neutral
sumin marry my husband ceunah rumor tau valid;neutral
kangen bangtan nonton marry my husband nandain dateng spring day dynamite twinkling watermelon bst dynamite mic drop not today gatau bangga;neutral
main marry my husband nonton drama tamat;positive
song hayoon main marry my husband;positive
karakter sumin drama marry my husband is real coooyyy gelik;positive
main marry my husband;positive
nangis parah baca webtoon marry my husband eps jiwon baca suratnya jihyuk bgmnya iu love wins all gak kerasa air mata deres;positive
bjrit bener song hayoon brati marry my husband ekting;neutral
ih sumin marry my husband keren bgtt;neutral
cmn bilang operasi tuh cakep bgtt trs marry my husband kayak add extra fillers botox face slimming;neutral
song hayoon pelakor marry my husband rumornya;neutral
songhayoon lakukan kekerasan sekolahnya bintang marry my husband menampar korban 90 menit;neutral
agensi song ha yoon benarkan sang artis pindah sekolah isu kekerasan songhayoon kekerasan marrymyhusband;neutral
marry my husband mksudnya;neutral
jo insung kim nam gil trus marry my husband kayaknya main bl;positive
zi cewek jahat drama marry my husband;neutral
pemain marry my husband song ha yoon tersandung rumor bullying dituduh tampar sekolahnya 90 menit songhayoon marrymyhusband;neutral
marry my husband ni sumpah best gila brbaloi tnggu smua episode kluar pstu marathon my demon best je sbb fantasy genre;positive
marry my husband queen tears ongoing flex x cop bagus blm nonton;neutral
tau chicken nugget judul kek fiksi gitulo but nonton marry my husband tau enak engga boring coba flex x cop thanks;negative
main marry my husband sumin;positive
kayaknya looks drama marry my husband netizen pangling menurutku bbrp julid pangling make upnya beda kurusan;neutral
my demon marry my husband;neutral
x tau best setakat nie tengok marry my husband mariage revenge shop for killer tengok separuh pastu da x tengok tunggu kot sambung;positive
song ha yoon pelakor marry my husband dituding pelaku bully sekolah tampar korban 90 menit songhayoon marrymyhusband perundungan korea;neutral
terseret skandal kekerasan foto sd song ha yoon marry my husband terbongkar komplotan geng songhayoon marrymyhusband;neutral
fight for my way temennya aera terkenalnya pelakor marry my husband;neutral
ralat drakor marry my husband maksd ku ‍;neutral
maksudnya suminten marry my husband nder;neutral
drama korea lelaki super green flag tuh nonton marry my husband geregetan emosi ngakak grgr gwenchana role jd antagonis;neutral
